{
  "feature_names": [
    "Arithmancy",
    "Astronomy",
    "Herbology",
    "Defense Against the Dark Arts",
    "Divination",
    "Muggle Studies",
    "Ancient Runes",
    "History of Magic",
    "Transfiguration",
    "Potions",
    "Care of Magical Creatures",
    "Charms",
    "Flying"
  ],
  "means": [
    49634.57024265648,
    39.7971308901647,
    1.141019529676806,
    -0.3878634974417859,
    3.1539096732863516,
    -224.5899148634645,
    495.7479700591583,
    2.9630946151165927,
    1030.096946387131,
    5.950372992780078,
    -0.05342713670049628,
    -243.3744090125,
    21.958012499999985
  ],
  "stds": [
    16496.361899782878,
    514.9047364298931,
    5.163925073157666,
    5.160402491384729,
    4.103030881423506,
    480.842332513923,
    105.08265387187234,
    4.364496027131785,
    43.639828823935765,
    3.1172102544701388,
    0.9589293997677879,
    8.780894559533115,
    97.6010874237569
  ],
  "weights": {
    "Gryffindor": [
      -3.933998625293711,
      -1.1033761452456747,
      0.08016736633233076,
      -2.24560817874692,
      0.16634556953391716,
      1.8881255357978797,
      -0.5951882296482315,
      1.8230049641482722,
      0.7350494647059947,
      -0.35269394047837666,
      -1.15925397395754,
      0.0811357581139656,
      -0.5457361051508407,
      1.3849823327965893
    ],
    "Hufflepuff": [
      -2.4409552303030204,
      0.4070235356721958,
      1.1612229619795422,
      1.8856254915515536,
      -1.732764086785496,
      0.43536455957985093,
      -1.3364105519306941,
      -1.879867449341432,
      0.2935384047971516,
      -0.27230764908980887,
      0.15219395402720723,
      -0.004365437475008115,
      0.6158708338925579,
      -0.9107942926179533
    ],
    "Ravenclaw": [
      -2.6327941322740616,
      0.3586263329186049,
      -0.8726414733962395,
      0.937092622450226,
      0.8083102024162451,
      0.1251521815473797,
      0.9337302622354235,
      0.8587317401400757,
      -0.0692217003544574,
      -0.42819322576861624,
      0.22786617078167845,
      0.07632663969657266,
      1.4574071996251934,
      0.2603324259447429
    ],
    "Slytherin": [
      -3.9158261553152816,
      0.03192373349563501,
      -0.8184020451056141,
      -0.30943617684208496,
      1.250195738761358,
      -1.5350448858073495,
      -0.16294299947801025,
      -0.6174523197350801,
      -0.3231370007866902,
      1.3109544968036955,
      0.686707617572524,
      -0.15643858637876829,
      -1.5124300761889127,
      -0.45545689576351844
    ]
  }
}