{
  "feature_names": [
    "Arithmancy",
    "Astronomy",
    "Herbology",
    "Defense Against the Dark Arts",
    "Divination",
    "Muggle Studies",
    "Ancient Runes",
    "History of Magic",
    "Transfiguration",
    "Potions",
    "Care of Magical Creatures",
    "Charms",
    "Flying"
  ],
  "means": [
    49634.57024265648,
    39.7971308901647,
    1.141019529676806,
    -0.3878634974417859,
    3.1539096732863516,
    -224.5899148634645,
    495.7479700591583,
    2.9630946151165927,
    1030.096946387131,
    5.950372992780078,
    -0.05342713670049628,
    -243.3744090125,
    21.958012499999985
  ],
  "stds": [
    16496.361899782878,
    514.9047364298931,
    5.163925073157666,
    5.160402491384729,
    4.103030881423506,
    480.842332513923,
    105.08265387187234,
    4.364496027131785,
    43.639828823935765,
    3.1172102544701388,
    0.9589293997677879,
    8.780894559533115,
    97.6010874237569
  ],
  "weights": {
    "Gryffindor": [
      -2.6938693536201317,
      -0.3510791502718163,
      0.1561556526566239,
      -0.9562023740870699,
      -0.14669678394369312,
      0.4510323133100281,
      -0.07239953150951053,
      0.8307913873663992,
      -0.750765219300739,
      -0.9596275434720147,
      -0.15845975315758098,
      0.004686154889583292,
      -0.3380594529212049,
      0.8384460355250468
    ],
    "Hufflepuff": [
      -1.794293491298026,
      0.1637706051532804,
      1.2600527406607451,
      1.270267345626509,
      -1.2904265810645545,
      0.5736648273998202,
      -0.8088849234015364,
      -1.340298249199791,
      0.758827990380093,
      0.6759311542768182,
      -0.3475039777513576,
      -0.019697855075568826,
      -0.08099896118191602,
      -0.5079536769398953
    ],
    "Ravenclaw": [
      -2.1740140884163734,
      0.22176915064601452,
      -0.7150257877521987,
      0.5376163119709283,
      0.7161902663319428,
      0.33981034464749554,
      1.1723893289256335,
      0.9739316726125097,
      0.05993120490772495,
      0.02542420546600672,
      -0.010041373679726585,
      0.04584156012813618,
      1.0246082139222554,
      0.06843632104634974
    ],
    "Slytherin": [
      -2.940724030697675,
      -0.011697378113125987,
      -0.6853587874126815,
      -0.803768979632531,
      0.6956162920644254,
      -1.447877200599597,
      -0.3454303350271915,
      -0.5939038337544785,
      -0.010774388517372866,
      0.3274022653456777,
      0.5435154748096366,
      -0.059761490691655934,
      -0.655862741600496,
      -0.4851060948436976
    ]
  }
}